ds,yhat,yhat_lower,yhat_upper
2013-01-01,2.6883813164799597,0.05809964050808957,5.265339589761462
2013-01-02,2.36190484625614,-0.08567614621911603,4.818465427172483
2013-01-03,1.5079318216567366,-1.0435108942854285,4.171536468822526
2013-01-04,2.678592859536795,0.13925587845010481,5.077238838655683
2013-01-05,2.2217758304986863,-0.28930541008465477,4.696505039474858
2013-01-06,0.5229356314169944,-2.049887664812495,3.2261202010383037
2013-01-07,1.8506345045503292,-0.7225171271658759,4.440116399585138
2013-01-08,2.6972358532801968,0.1848067607107084,5.241287424140371
2013-01-09,2.3707593830559777,-0.11974483501109846,4.970772557434521
2013-01-10,1.5167863584575445,-1.0601774982169918,4.0728617002684695
2013-01-11,2.6874473963387917,0.10549824582236259,5.240510135671696
2013-01-12,2.2306303673011647,-0.43244081505413273,4.810606649350715
2013-01-13,0.5317901682173389,-2.223549721507221,3.181242083001195
2013-01-14,1.85948904134807,-0.8059793965894869,4.4980334497727315
2013-01-15,2.7060903900804347,-0.03306755738938301,5.281106045180995
2013-01-16,2.379613919855815,-0.14942441437745813,5.023977833005897
2013-01-17,1.5256408952583522,-1.0640855230330615,4.138035315143526
2013-01-18,2.6963019332877893,0.30390190874100487,5.339180526177588
2013-01-19,2.239484904404916,-0.47182253541835195,4.856351192363099
2013-01-20,0.5406447054747907,-2.2029899064600005,3.1752883679151607
2013-01-21,1.868343578758609,-0.8097482381343003,4.756185128883353
2013-01-22,2.7149449276417355,0.14251931362840028,5.278980617925273
2013-01-23,2.388468457570787,-0.09831999368458649,4.812037475034362
2013-01-24,1.534495433122549,-0.8625403080243468,4.039532317406237
2013-01-25,2.7051564711555716,-0.1742816950884123,5.153775643786549
2013-01-26,2.248339442269943,-0.47875902467209525,4.736759914334048
2013-01-27,0.5494992433412631,-2.087635402676682,3.1633421380821445
2013-01-28,1.87719811662149,-0.8196152473595459,4.325140722948953
2013-01-29,2.723799465507449,0.23747377041367213,5.526420586595411
2013-01-30,2.3973229954353834,-0.06385546139250044,5.06449766164815
2013-01-31,1.5433499709891427,-0.9778749282175216,4.184092261318499
2013-02-01,2.7140110090214287,0.02214304373196067,5.085454956113289
2013-02-02,2.257193979999485,-0.24778689146687424,4.921151261198398
2013-02-03,0.5583537809400865,-1.903192587845017,3.16679790362298
2013-02-04,1.8860526540878357,-0.713160215976542,4.6628866124535895
2013-02-05,2.7326540028386477,0.19095730272573416,5.368512799206147
2013-02-06,2.4061775326317143,-0.17866883829392816,4.934343119259011
2013-02-07,1.5522045080538185,-1.1357163958458734,4.339893121288609
2013-02-08,2.7228655459522364,0.21707339189640193,5.360177036529698
2013-02-09,2.2660485169340094,-0.3675259647201686,4.863114698218633
2013-02-10,0.5672083178678968,-1.9420784629180314,3.2025405442881443
2013-02-11,1.8949071910195683,-0.778819543934986,4.453448778185238
2013-02-12,2.7415085397690993,0.3231642557651261,5.433513812636018
2013-02-13,2.415032069561766,-0.26641933549843083,4.985776805844755
2013-02-14,1.5610590449820039,-1.0074967047572543,3.921076934916644
2013-02-15,2.7317200828825214,0.017282208326972304,5.223404927513222
2013-02-16,2.2749030538616335,-0.1671828232489169,5.031372310374522
2013-02-17,0.576062854798798,-1.9424111703526494,3.2876618873375056
2013-02-18,1.9037617289661881,-0.7049994811452034,4.731806689170898
2013-02-19,2.7503630787285918,0.3079818633251762,5.458827055167155
2013-02-20,2.423886609537055,-0.19924522288775445,5.084557282604859
2013-02-21,1.5699135859742108,-0.9231250145540755,4.007923639047216
2013-02-22,2.74057462488724,0.22740742340192943,5.202898809530466
2013-02-23,2.2837575968804074,-0.2042426190159572,4.845990723750754
2013-02-24,0.5849173988349361,-1.8695990926765964,3.1497916753199613
2013-02-25,1.9126162729977034,-0.64593450315029,4.622200331581682
2013-02-26,2.7592176227632486,0.022782184308247428,5.289057031360118
2013-02-27,2.432741153573944,-0.32139163975883833,4.897174667149488
2013-02-28,1.5787681300077998,-1.0090134193817877,3.9225530229863774
2013-03-01,2.74942916892173,0.058551967065997156,5.312700036593955
2013-03-02,2.292612140915475,-0.10798618596629012,4.9954383213028795
2013-03-03,0.5937719428686674,-2.1953435566729866,3.2871792133388156
2013-03-04,1.921470817034286,-0.6218030411837653,4.686959140817108
2013-03-05,2.768072166797905,-0.12941845994669796,5.424450698780499
2013-03-06,2.4415956975562296,-0.061601624668963136,4.940434918721328
2013-03-07,1.5876226739403556,-0.946858268640769,4.165149315857073
2013-03-08,2.7582837128069913,0.35323149151657873,5.371892977742598
2013-03-09,2.3014666847545344,-0.30674498175358406,4.692258121709724
2013-03-10,0.602626486654187,-1.9607395634468399,3.1644835368137025
2013-03-11,1.9303253607700759,-0.6694987289858986,4.494366192718896
2013-03-12,2.776926710483141,0.2563441417467444,5.416566266492881
2013-03-13,2.450450241243697,-0.19472889450570768,5.0389623832245105
2013-03-14,1.5964772176261626,-1.0175926265272663,4.3406785702878405
2013-03-15,2.767138256490136,0.329515411509933,5.429637892894108
2013-03-16,2.3103212284387746,-0.22763925822792497,4.824167432245226
2013-03-17,0.6114810303371239,-1.8311068378579718,3.1749621921974183
2013-03-18,1.9391799044521703,-0.670480841281405,4.5113384810838815
2013-03-19,2.7857812541676443,0.032151732969832494,5.462577461734641
2013-03-20,2.459304784927506,-0.09113123143090424,4.998351100175364
2013-03-21,1.6053317611951432,-1.2189964852328579,4.2145073611447526
2013-03-22,2.7759927999467555,0.2728467832003226,5.401073549879989
2013-03-23,2.3191757717806873,-0.38040944447604824,4.905268693720591
2013-03-24,0.6203355735630889,-1.9059427245536822,3.070015111974981
2013-03-25,1.9480344475627471,-0.5540629203883469,4.40773817805839
2013-03-26,2.794635797161443,0.25622123441950456,5.3439002203045565
2013-03-27,2.468159327804999,-0.05108237523319789,4.941639273609046
2013-03-28,1.6141863040762718,-0.8422048116499901,4.27763310151544
2013-03-29,2.7848473428260307,0.0885971287908053,5.267798689838257
2013-03-30,2.32803031465678,-0.30692768533314435,4.944814401225402
2013-03-31,0.6291901164410834,-2.0160741802670286,2.981819818450205
2013-04-01,1.956888990442303,-0.48542585373378794,4.707787479678909
2013-04-02,2.8034903400401503,0.08393162218227393,5.440319368240745
2013-04-03,2.477013870685123,-0.17096355486487103,4.962884063775038
2013-04-04,1.6230408469529254,-0.822208163127116,4.299702808556456
2013-04-05,2.793701885704784,0.20215894687263417,5.410652710442671
2013-04-06,2.3368848580011816,-0.1798435029172367,4.823450465032731
2013-04-07,0.6380446602520355,-1.8719805666741878,3.1423639817797886
2013-04-08,1.9657435347225856,-0.728370024353121,4.691462441512395
2013-04-09,2.812344884784676,0.1300639976071325,5.568056564223681
2013-04-10,2.4858684158960362,-0.028251467126962606,5.091040677106643
2013-04-11,1.6318953926312878,-0.8735456065972459,4.131329626455468
2013-04-12,2.802556431847485,0.09341372725626518,5.292160225150693
2013-04-13,2.3457394041426247,-0.24306526373565773,4.77429145938792
2013-04-14,0.646899206396413,-2.022709859199674,3.1347541926189244
2013-04-15,1.9745980808637138,-0.8048669470093087,4.505742068171176
2013-04-16,2.8211994309287345,0.22903283741022537,5.38198164868675
2013-04-17,2.49472296203888,-0.22642640540579506,4.952917303584428
2013-04-18,1.640749938776129,-0.8016443262076137,4.095690886941915
2013-04-19,2.8114109779882606,0.12207217186661423,5.538758340374609
2013-04-20,2.354593950290967,-0.1496945432008031,4.855176534994269
2013-04-21,0.6557537523973289,-2.0009276789117,3.3363094105171487
2013-04-22,1.9834526267185262,-0.5215023429332916,4.7217384417893005
2013-04-23,2.8300539766413824,0.1871170406794778,5.462165496321592
2013-04-24,2.503577507607537,0.058368455838890936,5.004873374127303
2013-04-25,1.6496044842007542,-0.7337746384068157,4.24216989194501
2013-04-26,2.8202655232714697,0.08755347895159968,5.2373927209343405
2013-04-27,2.3634484954257866,-0.20127608039802838,4.994788369645279
2013-04-28,0.6646082975340506,-1.8648726623724923,3.237517141536141
2013-04-29,1.9923071718568086,-0.8721112160730662,4.854916382898921
2013-04-30,2.8389085217787207,0.28581811516915606,5.359160871823237
2013-05-01,2.5124320527453614,0.1104918558569097,5.1276795490718206
2013-05-02,1.6584590293373336,-0.8366349728846735,4.372840966231687
2013-05-03,2.8291200684089506,0.4045812971264099,5.406107998933685
2013-05-04,2.372303040560606,-0.14284581342395786,4.940297843266961
2013-05-05,0.6734628426721467,-1.8718818172170697,3.0960165206561885
2013-05-06,2.0011617169919593,-0.5428526824255606,4.436165972458376
2013-05-07,2.8477630663228264,0.10833825330224495,5.417431970742139
2013-05-08,2.52128659669595,-0.23103750540958504,5.184600893148321
2013-05-09,1.6673135726960038,-1.1282815231774483,4.1172487996387215
2013-05-10,2.83797461117504,0.044032157304738764,5.5065967898278885
2013-05-11,2.3811575827356792,-0.306372416099729,4.887241302467392
2013-05-12,0.6823173842485513,-1.8860651524952967,3.3414612112138924
2013-05-13,2.010016257977583,-0.53423435919347,4.688497483102501
2013-05-14,2.856617607307169,0.18396217136053516,5.42184759563355
2013-05-15,2.5301411376798923,-0.2675722379857973,5.202277348817683
2013-05-16,1.67616811367808,-0.8813367034422808,4.335733194444222
2013-05-17,2.846829152157813,0.3644747941774436,5.456670157684557
2013-05-18,2.3900121237171943,-0.19958555438879455,5.157368741343524
2013-05-19,0.6911719252333428,-1.900671176744771,3.235218164049512
2013-05-20,2.0188707989632073,-0.5373716029437462,4.419870121949692
2013-05-21,2.8654721482912993,0.3786875230358408,5.5058058480400005
2013-05-22,2.5389956786644126,-0.038448062753985206,5.1110436579005185
2013-05-23,1.6850226547448264,-1.0162908375527784,4.164423739019403
2013-05-24,2.855683693302379,0.25661351203219873,5.393576489649483
2013-05-25,2.398866664941125,-0.07031680507051613,4.944179290913571
2013-05-26,0.7000264665371982,-1.6118699841871829,3.411698239783616
2013-05-27,2.0277253403453823,-0.6901873946767215,4.416876125453257
2013-05-28,2.8743266897562902,0.25735400041659134,5.411820237180781
2013-05-29,2.5478502202097197,-0.0452065927055335,5.117626665215338
2013-05-30,1.6938771962894665,-0.8812281754932315,4.261837186034164
2013-05-31,2.8645382348479203,0.22817843469777063,5.289486294994534
2013-06-01,2.407721206484005,-0.21610626316983078,4.916726598762082
2013-06-02,0.7088810080843859,-1.7687327161265691,3.460072639446708
2013-06-03,2.0365798818930165,-0.43949602625304224,4.561520945088037
2013-06-04,2.883181231301997,0.4726540731612313,5.407002152252637
2013-06-05,2.556704761755605,0.019361380279975755,5.277007786086197
2013-06-06,1.7027317378357445,-0.903736506338696,4.428084643762043
2013-06-07,2.8733927272100632,0.29866663929603066,5.2718977725569625
2013-06-08,2.4165756496641135,-0.29490237902414346,4.893773827255406
2013-06-09,0.7177354020787827,-1.8271432036081863,3.3438098012919104
2013-06-10,2.045434226703679,-0.5412661374720872,4.605303286237727
2013-06-11,2.8920355269281046,0.34046628392394557,5.475685178696052
2013-06-12,2.5655590082000237,0.062275350204527645,5.106412927363508
2013-06-13,1.711585935091745,-0.9988335096486946,4.384709701883922
2013-06-14,2.882246924466239,0.2467479892291342,5.472950165120512
2013-06-15,2.4254298469213844,-0.19834967837965436,5.07119804122955
2013-06-16,0.7265895993347506,-1.9252909715943365,3.2568723079157524
2013-06-17,2.0542884239632277,-0.6185488277242954,4.542579366374448
2013-06-18,2.900889724185639,0.3438471488934578,5.401451979309244
2013-06-19,2.5744132054568643,-0.1281356528633063,5.044347828304321
2013-06-20,1.7204401323489449,-0.8448189799259207,4.229145019165128
2013-06-21,2.8911011217262654,0.2352808282139949,5.687553201917527
2013-06-22,2.434284044183724,-0.07361978910628873,5.0161986168681185
2013-06-23,0.7354437960272568,-1.9236523646717472,3.4908109007694037
2013-06-24,2.06314262008387,-0.6312572680655913,4.709066920425826
2013-06-25,2.909743919742392,0.2993265333529832,5.434266055360863
2013-06-26,2.583267400444737,-0.09022452465748265,5.215868000086836
2013-06-27,1.7292943267732117,-0.7544838193380747,4.311923025268496
2013-06-28,2.8999553155809155,0.3428379858212799,5.43854178299237
2013-06-29,2.4431382374717083,-0.1339358850567916,4.975733348485029
2013-06-30,0.7442979893139061,-1.6824168414018714,3.3270568129042886
2013-07-01,2.0719968133720807,-0.5740154596027459,4.6165862817401715
2013-07-02,2.9185981130297547,0.21519320624675445,5.418757884605728
2013-07-03,2.5921215937308846,-0.1716721687595452,5.039042997347162
2013-07-04,1.73814852005852,-0.9142780856769336,4.330230699574886
2013-07-05,2.908809508868846,0.43778617924650615,5.343305579639098
2013-07-06,2.4519924307582865,-0.06965686829010213,5.145456371910151
2013-07-07,0.7531521826005558,-1.9707097402505793,3.3836866308251627
2013-07-08,2.080851006661582,-0.6041258595222093,4.675781451563121
2013-07-09,2.9274523062120514,0.572852697978081,5.556070290512389
2013-07-10,2.600975786811795,-0.023421861466029037,4.914379842416785
2013-07-11,1.7470027130333214,-0.7409774139090445,4.344105537226709
2013-07-12,2.9176637017403877,0.43746361182313653,5.406503900747545
2013-07-13,2.4608466235207938,-0.19165554677755553,5.0904270078704155
2013-07-14,0.7620063752605173,-1.6979724585145826,3.4531064455662377
2013-07-15,2.0897051992148787,-0.5024657718136026,4.464563699255212
2013-07-16,2.9363064987682774,0.14547153157480563,5.448486608312941
2013-07-17,2.6098299793668067,-0.02689285982360835,5.300935741086534
2013-07-18,1.7558569055903308,-0.8839924897372815,4.495699645783539
2013-07-19,2.9265178942947356,0.4863872830494952,5.543939168025234
2013-07-20,2.4697008160813048,-0.20128570390295888,5.057804174923687
2013-07-21,0.7708605678184368,-1.8424577827161552,3.336215875722297
2013-07-22,2.0985593917725986,-0.5944162627207907,4.672498206913499
2013-07-23,2.945160691324716,0.28962561844616097,5.373506287218987
2013-07-24,2.618684171667438,-0.20887029235830012,5.117723719824892
2013-07-25,1.7647110976365266,-0.9429431971733611,4.349803119164305
2013-07-26,2.935372086080055,0.28511780706345324,5.459033267215872
2013-07-27,2.4785550076132896,-0.17194994486875148,5.085750379427882
2013-07-28,0.7797147590969173,-1.798269659262335,3.220986477143061
2013-07-29,2.1074135827978786,-0.5251581474696191,4.829129537670952
2013-07-30,2.954014882093308,0.2523855158349122,5.7838585024497355
2013-07-31,2.6275383624362085,0.13862327070147484,5.3210565837753405
2013-08-01,1.7735652884028525,-0.7838389871975832,4.370466877612597
2013-08-02,2.9442262768504066,0.4351259442954634,5.681989095202217
2013-08-03,2.487409198380885,-0.12886710274828295,5.1192217168075995
2013-08-04,0.7885689498659587,-1.8539035167771303,3.4464295141968835
2013-08-05,2.116267773560196,-0.37932050872003,4.690052114611785
2013-08-06,2.9628690728613796,0.38074323748375377,5.529524518410842
2013-08-07,2.6363925532044004,0.052984473170188194,5.237144434091964
2013-08-08,1.7824194791720156,-0.6932111624622466,4.28284682806445
2013-08-09,2.9530804673496815,0.5798060331479837,5.4948561704822145
2013-08-10,2.4962633886063275,0.009310899041780884,4.990447517548574
2013-08-11,0.7974231398200538,-1.7658887395527074,3.546568870552112
2013-08-12,2.1251219632457627,-0.43870864774023977,4.64498280638398
2013-08-13,2.9717232622743768,0.42694061995807897,5.390105123033029
2013-08-14,2.645246742345106,0.04699694340374299,5.411421650523987
2013-08-15,1.7912736680420034,-0.9693240831353009,4.057895864430029
2013-08-16,2.9619346562191677,0.3945605550254812,5.732881289436725
2013-08-17,2.505117577479624,0.09751946141762946,5.078690343337277
2013-08-18,0.8062773286915585,-1.7371635445998093,3.269136629939507
2013-08-19,2.1339761521180995,-0.3783522252348077,4.770988422312301
2013-08-20,2.98057745114522,0.3526785418347751,5.49152328755749
2013-08-21,2.6541009312147343,0.06117454552451432,5.301157950201494
2013-08-22,1.8001278569145094,-0.7507643547605952,4.382436928924454
2013-08-23,2.9707888450900573,0.37797220482496263,5.515499947623303
2013-08-24,2.513971766347852,-0.2422588414307813,5.140240956456059
2013-08-25,0.8151315176158216,-1.8961266539312747,3.3722981009294535
2013-08-26,2.1428303410980574,-0.40485842250973475,4.732309798445587
2013-08-27,2.9894316401781538,0.3278929069593902,5.4675672087373055
2013-08-28,2.662955120303527,-0.026221795434417817,5.175946163444294
2013-08-29,1.8089820460551627,-0.9963609160988973,4.45727185447644
2013-08-30,2.9796430342857443,0.49243472305660635,5.55089710257621
2013-08-31,2.5228259555950117,0.07741400273498046,5.049810777875046
2013-09-01,0.8239857068648837,-1.7867309750264342,3.394381110639963
2013-09-02,2.151684530346193,-0.5059925649997916,4.8158791290777065
2013-09-03,2.9982858294281405,0.33462296772448935,5.509637350506217
2013-09-04,2.671809309553114,-0.010892053813288668,5.373699327657623
2013-09-05,1.8178362353057207,-1.048091689131254,4.3668491542938295
2013-09-06,2.988497223537491,0.5197337439786208,5.645869832755787
2013-09-07,2.53168014484724,0.1183498000729404,5.155320284430707
2013-09-08,0.8328398961160095,-1.9159314783180195,3.3600439518627936
2013-09-09,2.1605387193851935,-0.44915426561673766,4.889479145995914
2013-09-10,3.0071400182548813,0.40492093823227376,5.525874113998704
2013-09-11,2.6806634981678314,-0.12953516915916558,5.1940438653909
2013-09-12,1.8266904237069486,-0.7512880346146659,4.489222807128235
2013-09-13,2.997351411725867,0.3805486520397624,5.4070390536436035
2013-09-14,2.540534332826492,-0.14745925554222322,5.113766525554249
2013-09-15,0.8416940838837101,-1.783910850395074,3.5476100683470104
2013-09-16,2.1693929071550997,-0.542180941411031,4.7619827090356805
2013-09-17,3.015994206023295,0.35259148184512834,5.633588802929676
2013-09-18,2.6895176859392653,0.10063321297357862,5.242866587219281
2013-09-19,1.8355446114761442,-0.6988653748316751,4.430986947274135
2013-09-20,3.0062055994962518,0.6498387947092248,5.440837377892679
2013-09-21,2.5493885205941207,0.07382004577637498,5.068273415373621
2013-09-22,0.8505482716514097,-1.6546852760260458,3.471940263087155
2013-09-23,2.178247094920583,-0.1819438039182884,4.781622948427678
2013-09-24,3.02484839379161,0.4108170264608882,5.64328801506708
2013-09-25,2.6983718738590645,0.11125660778276705,5.384340237484376
2013-09-26,1.8443987995525952,-0.7785899356122702,4.425585072777291
2013-09-27,3.015059787725593,0.5941733895556723,5.589274986142592
2013-09-28,2.5582427089744284,-0.15140594505781557,5.1379791768237535
2013-09-29,0.8594024601896537,-1.6860681629222862,3.6599224070407885
2013-09-30,2.187101283612255,-0.39138420423201126,4.816522413255085
2013-10-01,3.033702582635417,0.6750322815204715,5.534756132209257
2013-10-02,2.707226062702684,0.4827284863179174,5.321867883946268
2013-10-03,1.8532529883971853,-0.8071743730769726,4.595874242207776
2013-10-04,3.0239139765699683,0.37598459372469556,5.541619363782281
2013-10-05,2.567096897825758,0.059178407001053916,5.2529949449651365
2013-10-06,0.8682566490313741,-1.8748188713623115,3.4401308423795323
2013-10-07,2.195955472457556,-0.4439093394835596,4.726143966315912
2013-10-08,3.0425567714794366,0.4300905422662271,5.634277559389333
2013-10-09,2.7160802515489344,0.0904475609002623,5.112891842740583
2013-10-10,1.8621071772389381,-0.8338470132337846,4.487278407147881
2013-10-11,3.0327681653724827,0.41639995544894653,5.778042372827847
2013-10-12,2.5759510865842725,-0.04865185694562346,5.03324067196543
2013-10-13,0.8771108377518269,-1.8881637610764137,3.502267635048883
2013-10-14,2.204809661137502,-0.20098890803637903,4.864540996598281
2013-10-15,3.0514109601160304,0.4172694937316084,5.649064080987426
2013-10-16,2.724934440143496,-0.015334370392985876,5.358551926944271
2013-10-17,1.8709613657957975,-0.6827077536829768,4.4751017559797495
2013-10-18,3.041622353926967,0.48769883872348296,5.631498280532923
2013-10-19,2.5848052751397574,0.03615467188472421,5.144796303823194
2013-10-20,0.8859650263079581,-1.870653841811762,3.618235767392015
2013-10-21,2.213663849689011,-0.3152267613744718,4.773264662045662
2013-10-22,3.0602651486703714,0.45499043956662133,5.535267135164701
2013-10-23,2.733788628697746,0.41410399453910585,5.315264113158009
2013-10-24,1.8798155543493797,-0.729126177692407,4.469715798494814
2013-10-25,3.050476542481451,0.30357217400609626,5.805066110103705
2013-10-26,2.593659464057045,0.1043721230423195,5.186270863916121
2013-10-27,0.8948192155861383,-1.5012651174854497,3.2749569942168986
2013-10-28,2.2225180393322694,-0.47092096297463065,4.821636082512517
2013-10-29,3.0691193386739313,0.3188926789253032,5.581162513455773
2013-10-30,2.74264281906108,0.189298112520613,5.341971431190489
2013-10-31,1.8886697450751282,-0.7646683269065175,4.583867110645285
2013-11-01,3.05933073356872,0.4669019447661668,5.832170894034489
2013-11-02,2.602513655146291,0.06308004390913842,5.149193364725827
2013-11-03,0.903673406676829,-1.6907690636042263,3.481797970531622
2013-11-04,2.2313722304231476,-0.5025924159220402,4.9030798738702535
2013-11-05,3.0779735297636517,0.21427740942008183,5.746831327835416
2013-11-06,2.751497010153553,0.24535204859030335,5.27190834850606
2013-11-07,1.897523936165941,-0.6482347552352427,4.517276835140957
2013-11-08,3.0681849246587953,0.615558107018267,5.728133028474343
2013-11-09,2.6113678462355367,0.025027409269769024,5.015793345779092
2013-11-10,0.9125275977647715,-1.589585790414264,3.5054461290669727
2013-11-11,2.240226421438324,-0.423400547949913,4.74502237750668
2013-11-12,3.0868277207098345,0.4746332578080221,5.740515276467621
2013-11-13,2.7603512010265963,0.2160395174572303,5.47871248878369
2013-11-14,1.9063781269674194,-0.6843464554220986,4.545296841533019
2013-11-15,3.077039115391177,0.6785275094831916,5.62341183349048
2013-11-16,2.620222036896476,0.04654458265047027,5.230944867652853
2013-11-17,0.9213817883530269,-1.6706610351135711,3.473073225893476
2013-11-18,2.2490806120232465,-0.35051135350588153,4.944265841375326
2013-11-19,3.0956819112966083,0.4384665472161784,5.847726418055523
2013-11-20,2.769205391611944,0.15382014662859608,5.444801726410221
2013-11-21,1.9152323175564026,-0.46661023615581226,4.445179113937464
2013-11-22,3.085893305974456,0.7492070831162053,5.599384336259554
2013-11-23,2.629076227480422,0.21583148076914138,5.277633792046155
2013-11-24,0.9302359789388763,-1.8494757541918851,3.45700615569682
2013-11-25,2.257934802610657,-0.33403564040314493,4.859179805640725
2013-11-26,3.1045361018454414,0.25934757812979936,5.747350840311137
2013-11-27,2.778059582124465,0.28825187334043706,5.121758800579497
2013-11-28,1.9240865080277239,-0.706157493403142,4.427884940545329
2013-11-29,3.094747496412075,0.13777320626780806,5.528197555550844
2013-11-30,2.637930417877556,-0.06272366086393934,5.040836191218685
2013-12-01,0.9390901692983529,-1.422211770808641,3.6108490698690616
2013-12-02,2.2667889929314784,-0.03110629044960634,4.90126491251104
2013-12-03,3.1133902921678054,0.5149986197689994,5.528030761034681
2013-12-04,2.7869137724467374,0.3654922682345072,5.33491646333902
2013-12-05,1.9329406983514077,-0.8172461383234914,4.566666114602684
2013-12-06,3.1036016867365066,0.48996629822737603,5.6728246483497164
2013-12-07,2.6467846081974016,0.07548553757784379,5.123575862265596
2013-12-08,0.9479443596211325,-1.5975997401543092,3.5476660625623944
2013-12-09,2.2756431832547874,-0.19736998932814845,4.842956840253831
2013-12-10,3.122244482490266,0.44886673920758086,5.738541779960001
2013-12-11,2.795767962767984,0.2935227639877661,5.348613952093673
2013-12-12,1.9417948890435297,-0.7027811221722997,4.599322630685757
2013-12-13,3.1124558777967186,0.6211628353748282,5.673706996903774
2013-12-14,2.6556387996356974,0.12101020535576826,5.158655711526171
2013-12-15,0.9567985514259794,-1.6357778868701687,3.648261834937593
2013-12-16,2.284497375431326,-0.2991878542944475,4.977746393543676
2013-12-17,3.1310986750358283,0.31479428443198265,5.71871094708578
2013-12-18,2.8046221556838744,0.06532892673616703,5.412462811283664
2013-12-19,1.9506490819591926,-0.4976028485346983,4.373510071270077
2013-12-20,3.121310070714768,0.5088631656544129,5.740708875650709
2013-12-21,2.6644929925491603,0.04134719644797992,5.271508493685927
2013-12-22,0.9656527443413452,-1.5731086382124613,3.3072381171068113
2013-12-23,2.2933515683482524,-0.5393825641497298,4.726894230891978
2013-12-24,3.13995286795181,0.7878408920327012,5.747545449301365
2013-12-26,1.9595032748760537,-0.7356995588887753,4.5778896085103
2013-12-27,3.130164263630893,0.6116221508373545,5.819884006502341
2013-12-28,2.6733471854626236,-0.026684594819463125,5.27957974397959
2013-12-29,0.9745069376039068,-1.7001686768860147,3.5652002671901646
2013-12-30,2.302205761951627,-0.21539569283407808,5.0871983728195325
2013-12-31,3.1488070619022586,0.46635155604552486,5.812883417048638
2014-01-01,2.822330542896998,0.3067899536940671,5.318062910922602
2014-01-02,1.968357469516866,-0.6882832039970603,4.562298685845874
2014-01-03,3.139018458617683,0.519852325217252,5.934542947072791
2014-01-04,2.682201380796517,0.061190910537500295,5.357063442204778
2014-01-05,0.9833611329314291,-1.5710836351213486,3.3512668758568904
2014-01-06,2.3110599572827293,-0.2545326089878325,4.897974070597298
2014-01-07,3.1576612572320797,0.3388159891102399,5.459546101487622
2014-01-08,2.831184738225393,0.19554220189998744,5.355619111572556
2014-01-09,1.9772116648444207,-0.7828274066163337,4.531634961566555
2014-01-10,3.147872653945935,0.588143186799097,5.705536728402432
2014-01-11,2.691055576123511,0.2835848957447551,5.548454138475506
2014-01-12,0.9922153282616994,-1.57909731203349,3.414722224988985
2014-01-13,2.3199141524328866,-0.3480033441192631,4.715643699982378
2014-01-14,3.166515452199798,0.5715440169399763,5.870896617684671
2014-01-15,2.840038933014609,0.3242369111726644,5.4314078614086245
2014-01-16,1.9860658594526692,-0.6925762175308475,4.602795792420913
2014-01-17,3.1567268483708624,0.4256450471351901,5.88599797756703
2014-01-18,2.6999097703717316,0.09712279110810036,5.24792913622726
2014-01-19,1.0010695223239772,-1.6579471155299534,3.4833901894275563
2014-01-20,2.3287683464929474,-0.3925624973094612,4.780447321268732
2014-01-21,3.17536964626248,0.6821382259469743,5.881977018034579
2014-01-22,2.8488931270774116,0.33941407534517004,5.668741558799859
2014-01-23,1.9949200535148044,-0.38906396380007185,4.764345714922084
2014-01-24,3.165581042433899,0.4636333101828862,5.770450456706663
2014-01-25,2.7087639644353443,0.05309259422104495,5.2599467211372835
2014-01-26,1.0099237163886612,-1.6817677854435715,3.5553958730569226
2014-01-27,2.3376225405580766,-0.3014873710457904,4.947194272191991
2014-01-28,3.1842238403253735,0.7084362311622031,5.827912642962464
2014-01-29,2.85774732102331,0.2528097760041341,5.810375634006502
2014-01-30,2.003774247348875,-0.6665054063006174,4.5596702562583395
2014-01-31,3.1744352361529047,0.4862518482058033,5.521584661977597
2014-02-01,2.717618158038147,0.13138470583658948,5.312843291893689
2014-02-02,1.0187779098780576,-1.5169273629700397,3.6888808335714884
2014-02-03,2.346476733932809,-0.21748347888577765,5.02453852573761
2014-02-04,3.193078033584619,0.43394113295652725,5.681826943628904
2014-02-05,2.8666015142847865,0.3003463306435557,5.32455458201221
2014-02-06,2.0126284406058548,-0.6158854961741939,4.583441039703688
2014-02-07,3.1832894294100584,0.5722536509634669,5.701606222295554
2014-02-08,2.7264723512963958,0.04859627971491762,5.419288818170605
2014-02-09,1.0276321031350037,-1.6821086602759536,3.6918280612338563
2014-02-10,2.355330927193336,-0.2833393581030973,4.9977735819046405
2014-02-11,3.201932226843131,0.6496225488734966,5.805419753075393
2014-02-12,2.875455707542605,0.006059251869553418,5.405974821723755
2014-02-13,2.021482633864032,-0.5635662697826063,4.58029210111652
2014-02-14,3.1921436226696596,0.44149654291976453,5.655378195396012
2014-02-15,2.7353265445546446,0.04366520010899202,5.251187864702222
2014-02-16,1.0364862963957302,-1.5673800514711678,3.6364845218943533
2014-02-17,2.3641851204494397,-0.1424776963635495,5.109964179730748
2014-02-18,3.2107864201023766,0.5976865840339919,5.7319970351674705
2014-02-19,2.8843099008004236,0.2535708875367056,5.4063176995781435
2014-02-20,2.030336827125487,-0.42097137857571343,4.776081428827444
2014-02-21,3.20099781592541,0.7316714309293875,5.763936019219328
2014-02-22,2.7441807378143,0.2096883430585945,5.278196723881185
2014-02-23,1.0453404896540504,-1.6141566341519555,3.586078677343493
2014-02-24,2.373039313709321,-0.17419553368600155,4.839499948569412
2014-02-25,3.2196406133614097,0.6761103813956773,5.834010431135815
2014-02-26,2.893164094058242,0.36235739516956894,5.440642508770032
2014-02-27,2.0391910203824657,-0.7479833625573827,4.441061125033522
2014-02-28,3.2098520091864144,0.6824187007509582,5.74582660842
2014-03-01,2.753034931072549,0.15400497668909788,5.2853317574255625
2014-03-02,1.0541946829123705,-1.409208485186593,3.763350623476702
2014-03-03,2.38189350696736,-0.1589679381998751,4.914818037563173
2014-03-04,3.228494806620346,0.8055470131698772,5.806426369321982
2014-03-05,2.902018287319719,0.37314433893596843,5.548935304281257
2014-03-06,2.048045213642282,-0.7171079976488444,4.601562918301594
2014-03-07,3.2187062024454938,0.672031874905181,5.938770396961964
2014-03-08,2.7618891243289667,0.07053225368113535,5.274161556169286
2014-03-09,1.0630488761706909,-1.53264323685093,3.646165765035623
2014-03-10,2.3907477002241087,-0.30633285108781777,4.944858878001609
2014-03-11,3.237348999879379,0.5966936649046007,5.837419049558535
2014-03-12,2.9108724805775372,0.44485537441311784,5.485685913111062
2014-03-13,2.0568994069008992,-0.3342017252283323,4.544196270045741
2014-03-14,3.2275603957045726,0.5180159470187319,5.8638700064110445
2014-03-15,2.770743317592284,0.060803255374599456,5.408162370090136
2014-03-16,1.071903069431417,-1.576153375757175,3.626606714996735
2014-03-17,2.39960189348399,-0.1641296783923159,4.971828316838992
2014-03-18,3.2462031931386246,0.5972552274792835,5.746910012046716
2014-03-19,2.9197266738363825,0.36234821708993553,5.444468210372779
2014-03-20,2.0657536001595167,-0.6609325282084988,4.735495081470646
2014-03-21,3.2364145889622487,0.7130364954456978,5.977332730469714
2014-03-22,2.7795975108487023,0.15679683667127728,5.394403806798683
2014-03-23,1.0807572626897375,-1.3319851615040192,3.658568307251164
2014-03-24,2.408456086743872,-0.15820751516477755,5.048431252337751
2014-03-25,3.25505738639787,0.7313819796720721,5.734417375589664
2014-03-26,2.928580867095806,0.19854524956151048,5.553563414835763
2014-03-27,2.0746077934193323,-0.3922403825413264,4.810855673333836
2014-03-28,3.245268782223253,0.6278749454694244,5.783442592878078
2014-03-29,2.7884517041069508,0.22774748565892092,5.189963953534166
2014-03-30,1.0896114559490897,-1.5539363002975342,3.5463669504804174
2014-03-31,2.4173102800006205,-0.22987047324300258,5.086364061994786
2014-04-01,3.263911579656594,0.5939498605579275,5.996367729782459
2014-04-02,2.937435060354651,0.4801001580022497,5.488967302857531
2014-04-03,2.083461986679149,-0.5529353331220338,4.61072378646735
2014-04-04,3.2541229754842576,0.7579071065791069,5.781395884641566
2014-04-05,2.7973058973652,0.04230146467344941,5.6144163675074825
2014-04-06,1.0984656492070675,-1.6137369755014204,3.647603719845953
2014-04-07,2.4261644732611467,-0.16157184935698007,5.10088749256619
2014-04-08,3.272765772915627,0.7291507189695563,6.007455719322812
2014-04-09,2.94628925361247,0.3228752025466767,5.457762189015732
2014-04-10,2.092316179937326,-0.49891719650812344,4.543868714736001
2014-04-11,3.2629771687419336,0.824231396429102,5.881997017844719
2014-04-12,2.806160090626686,0.33094224255744836,5.40048060333063
2014-04-13,1.107319842466762,-1.6415395358491767,3.5963629837962023
2014-04-14,2.4350186665216738,-0.2563322628323449,4.991249844728647
2014-04-15,3.281619966174661,0.9486957747948797,5.764028891205679
2014-04-16,2.955143446875551,0.5613692839619151,5.443735625472792
2014-04-17,2.1011703731975824,-0.42829636274578275,4.796560805183597
2014-04-18,3.271831362001013,0.4907016791687433,5.8131183170309955
2014-04-19,2.8150142838831043,0.25166268490520294,5.490229599485855
2014-04-20,1.1161740357250824,-1.3017117871521275,3.9505857771832473
2014-04-21,2.443872859781555,-0.17654964305059748,5.043632293287792
2014-04-22,3.2904741594333853,0.7556150478816427,5.901864774215071
2014-04-23,2.9639976401333694,0.42594848196910307,5.424257986035954
2014-04-24,2.1100245664557598,-0.3973348869372247,4.846083596570201
2014-04-25,3.280685555260092,0.9071372993535858,5.950533050243779
2014-04-26,2.8238684771464215,0.30560000001202225,5.2724578614901985
2014-04-27,1.1250282289858087,-1.439796808253985,3.72421368666672
2014-04-28,2.452727053038949,-0.1654632620966444,5.111158372743967
2014-04-29,3.2993283526926307,0.659684023795109,6.013518877089174
2014-04-30,2.972851833391188,0.37289848149719884,5.431631569103295
2014-05-01,2.1188787597155763,-0.48755688021239857,4.660284342103883
2014-05-02,3.2895397485210967,0.7609263872318378,5.9579564640236375
2014-05-03,2.8327226704060777,0.3319128232188501,5.45021286712733
2014-05-04,1.1338824222441293,-1.5302989001413236,3.672245994169891
2014-05-05,2.4615812462988305,-0.33979945996320476,4.935727100163251
2014-05-06,3.3081825459518757,0.6693548482025191,5.830106579337309
2014-05-07,2.9817060266490065,0.3846469186993245,5.429091530272068
2014-05-08,2.127732952972555,-0.4612778821322776,4.656142907972815
2014-05-09,3.2983939417768466,0.5380659522885195,5.733074482962316
2014-05-10,2.8415768636661576,0.3103241897564344,5.353260960976977
2014-05-11,1.1427366155024492,-1.2553627154099212,3.6720750802029083
2014-05-12,2.470435439559357,-0.21886681764172303,4.828333781134917
2014-05-13,3.317036739210079,0.8458162736018723,5.891235520591368
2014-05-14,2.990560219910483,0.3812234555344878,5.470857341442172
2014-05-15,2.1365871462323716,-0.28558649907984146,4.877126822380312
2014-05-16,3.3072481350378515,0.8070837599773031,5.903752235244238
2014-05-17,2.850431056922575,0.21957534397631487,5.222007813314497
2014-05-18,1.1515908087607696,-1.4532576187632826,3.8033919100998292
2014-05-19,2.4792896328154606,-0.07850434376237078,5.0640833027096726
2014-05-20,3.325890932469324,0.8112479561686435,5.906551057491257
2014-05-21,2.999414413167275,0.5233985552262156,5.58997222004114
2014-05-22,2.145441339492187,-0.4191340128574,4.782762100389928
2014-05-23,3.31610232829693,0.6457103708221593,5.852542035715502
2014-05-24,2.8592852501822303,0.25701759697694415,5.578324436324688
2014-05-25,1.160445002021496,-1.3899391285490088,3.723999942558434
2014-05-26,2.488143826075987,-0.059908675348983066,5.330406352744092
2014-05-27,3.334745125728358,0.6389551240316514,5.894674483606507
2014-05-28,3.00826860642612,0.09639141071528734,5.495288274160853
2014-05-29,2.1542955327520037,-0.5543974464335107,4.859596176387838
2014-05-30,3.3249565215532026,0.7570629957566487,5.926334748322964
2014-05-31,2.868139443440479,0.37077735551123703,5.6055070899631385
2014-06-01,1.169299195278442,-1.5480066345842138,3.7363804536665897
2014-06-02,2.4969980193365138,-0.24274456717893078,5.1961742414673
2014-06-03,3.343599318987815,0.845806279987859,5.877598495129431
2014-06-04,3.0171227996875967,0.560447854794493,5.768313591992261
2014-06-05,2.163149726008982,-0.3322008703445829,4.650784255253717
2014-06-06,3.333810714812282,0.6472458905945196,5.9732672657496355
2014-06-07,2.876993636696897,0.17835333118040378,5.598095489297228
2014-06-08,1.1781533885381363,-1.3334185748399408,3.771583612578006
2014-06-09,2.50585221259013,-0.06391387096762284,4.967037009436139
2014-06-10,3.352453512246327,0.9610676088220329,6.009959742328132
2014-06-11,3.0259769929454152,0.25918206201561317,5.583195556342414
2014-06-12,2.172003919270437,-0.39795478402118956,4.689860292505808
2014-06-13,3.3426649080713613,0.6832601267607062,5.877936902463314
2014-06-14,2.885847829956977,0.24982723284382125,5.4713065997893935
2014-06-15,1.187007581798863,-1.5420361234991964,3.9308491882812104
2014-06-16,2.514706405850011,0.06009947763725348,5.0801885924082955
2014-06-17,3.3613077055055727,0.6867023241458553,5.975902315716278
2014-06-18,3.0348311862042605,0.5383805474562829,5.570700440497858
2014-06-19,2.180858112528614,-0.422503156292758,4.7351344488309755
2014-06-20,3.3515191013290364,0.7187138062145471,6.0323116693397605
2014-06-21,2.8947020232166327,0.1677860023831112,5.546505534130077
2014-06-22,1.1958617750571832,-1.3390961909975552,3.841995082908349
2014-06-23,2.523560599110538,-0.12399318939745517,5.150313390327453
2014-06-24,3.3701618987648176,0.7727368111743489,5.857891797604012
2014-06-25,3.0436853794610523,0.33885902053692435,5.418325857053824
2014-06-26,2.1897123057876717,-0.33150648826648343,4.663885915676722
2014-06-27,3.3603732945900413,0.6124496108225882,5.836014449126792
2014-06-28,2.9035562164748816,0.5354308447218465,5.5391788276692075
2014-06-29,1.2047159683168778,-1.309492988741475,3.8100711822328703
2014-06-30,2.532414792370419,-0.04573001393902275,5.0328985782991555
2014-07-01,3.3790160920235417,0.6963576462870381,6.025271022285293
2014-07-02,3.052539572722529,0.3752404293131371,5.5070900749752205
2014-07-03,2.198566499045849,-0.4075264955387536,4.645758450304641
2014-07-04,3.36922748784912,0.8642848426934119,5.923173664946279
2014-07-05,2.9124104097331305,0.5066315197708656,5.6815311039424605
2014-07-06,1.2135701615738237,-1.3677652661240938,3.8020673275230603
2014-07-07,2.5412689856278132,0.13456316386643372,5.060612231054214
2014-07-08,3.3878702852825753,0.9082009119014225,5.771083036131649
2014-07-09,3.0613937659803474,0.40703340266045457,5.827922300239399
2014-07-10,2.2074206923040274,-0.567906763166287,4.781088145782312
2014-07-11,3.3780816811101255,0.6266567116179417,6.088982940839522
2014-07-12,2.921264602994617,0.4802654421656717,5.4939509274227065
2014-07-13,1.2224243548342077,-1.4666195332212122,3.7412903574392264
2014-07-14,2.550123178887694,-0.3145869276772303,5.154497591595244
2014-07-15,3.3967244785418207,0.7580091020880191,5.843829482554693
2014-07-16,3.070247959238166,0.47049239463957676,5.664642786905697
2014-07-17,2.2162748855642826,-0.39963510679165926,4.697484638331709
2014-07-18,3.386935874365875,0.8325356093602438,6.063521492162754
2014-07-19,2.9301187962510347,0.3024859062957606,5.570880779789416
2014-07-20,1.2312785480925283,-1.3742551390371762,3.8251725116446385
2014-07-21,2.5589773721475764,-0.1396464725837818,5.285330307330692
2014-07-22,3.405578671800854,0.8145565547186503,6.115376240112987
2014-07-23,3.0791021525012474,0.65643886468038,5.696976451176082
2014-07-24,2.225129078822461,-0.14876669775828485,4.963493246666622
2014-07-25,3.39579006762688,0.8604642726825221,5.927737108372296
2014-07-26,2.938972989509284,0.34908041850877086,5.354640296980445
2014-07-27,1.2401327413522223,-1.4770366093477765,3.827672043876664
2014-07-28,2.56783156540497,-0.04545252110603253,5.232072218049695
2014-07-29,3.41443286505979,0.884297603918781,5.975734704094766
2014-07-30,3.087956345759066,0.48334309401316217,5.593827795665005
2014-07-31,2.2339832720822765,-0.4731013622970519,4.916136724312705
2014-08-01,3.4046442608878844,1.0272972382835153,6.154517156571503
2014-08-02,2.9478271827657014,0.4327918512344845,5.582454759629739
2014-08-03,1.2489869346115747,-1.4245847195373518,3.914798263903999
2014-08-04,2.5766857586648513,0.11289268062748242,5.060907457995886
2014-08-05,3.4232870583188233,1.067896009766433,5.843114656419749
2014-08-06,3.096810539016884,0.4608893536160299,5.58762260093129
2014-08-07,2.2428374653404544,-0.3906955654382014,4.82930667141625
2014-08-08,3.413498454143635,0.9481070400559998,6.130964963200289
2014-08-09,2.956681376034088,0.3538555806666147,5.479464341610298
2014-08-10,1.2578411278698944,-1.3869125627102903,3.76657354143662
2014-08-11,2.585539951925378,-0.11522528836603857,5.057799560688863
2014-08-12,3.432141251577857,0.7161898787776404,6.054566668014684
2014-08-13,3.105664732278361,0.4991881136050653,5.568880374732212
2014-08-14,2.2516916585990714,-0.6717769261309623,4.695301565143045
2014-08-15,3.4223526474046393,0.978237521345092,6.09880422530364
2014-08-16,2.965535569290506,0.33087297363348933,5.671463351505651
2014-08-17,1.2666953211282153,-1.3594252523055226,3.859686701017174
2014-08-18,2.5943941451852597,0.022588740642547202,5.087707528487412
2014-08-19,3.440995444836793,0.9613677512488081,6.031900974933953
2014-08-20,3.114518925535153,0.35007018800343837,5.786675429304754
2014-08-21,2.260545851858888,-0.4832565932055315,4.7683853337510085
2014-08-22,3.4312068406637186,0.7243682194498727,5.8179739206727366
2014-08-23,2.9743897625487548,0.2976957515985998,5.643768785916541
2014-08-24,1.2755495143889415,-1.3698439158989644,4.065617113293532
2014-08-25,2.6032483384420084,-0.0035057902010572515,5.1234147747020105
2014-08-26,3.4498496380953054,1.1162157747370465,6.126726788598488
2014-08-27,3.123373118793998,0.55230717320904,5.791324811054401
2014-08-28,2.2694000451187035,-0.3674675372617154,4.839229324574596
2014-08-29,3.440061033924723,0.6970709338186604,6.235638420299867
2014-08-30,2.98324395580841,0.4259150278830636,5.441556737367615
2014-08-31,1.2844037076458878,-1.376749533277605,3.818170637203305
2014-09-01,2.6121025317025346,0.06179540284976945,5.064830676679063
2014-09-02,3.4587038313547627,0.7774760549437879,6.065893983412037
2014-09-03,3.1322273120518167,0.6276609502225993,5.829862013662593
2014-09-04,2.278254238375683,-0.1258667159611042,4.87499742722799
2014-09-05,3.4489152271790697,0.8025174011895461,6.261899114926068
2014-09-06,2.992098149064828,0.4237012101103396,5.749473539164109
2014-09-07,1.2932579009055816,-1.3518343164593314,3.824321467426166
2014-09-08,2.620956724963061,-0.03442222241331679,4.871585035431152
2014-09-09,3.467558024613275,0.837326328778821,6.012833956204598
2014-09-10,3.141081505313293,0.6427840702676227,5.727956540551968
2014-09-11,2.287108431637137,-0.24407020395736104,5.018406285088842
2014-09-12,3.457769420438149,0.7656612962718469,6.011810275485754
2014-09-13,3.0009523423249083,0.49677657154513427,5.486513323753958
2014-09-14,1.3021120941639024,-1.2618547758335066,3.8554669292976973
2014-09-15,2.6298109182191647,-0.003898456520654969,5.315800727069378
2014-09-16,3.47641221787252,0.9144185654555175,6.005624694535489
2014-09-17,3.1499356985721385,0.7381966115062725,5.762476498775829
2014-09-18,2.2959626248953153,-0.2999683400399104,4.782655654263928
2014-09-19,3.4666236136972284,0.7687324135032262,6.15010914059963
2014-09-20,3.0098065355845636,0.6529034855501158,5.571085928691228
2014-09-21,1.3109662874246288,-1.3067859347958302,4.003494005581824
2014-09-22,2.638665111476559,-0.04010284845975066,5.26245599117598
2014-09-23,3.4852664111317653,0.7981556988928583,6.230366241247839
2014-09-24,3.1587898918289303,0.5821512791583872,5.7161451776855134
2014-09-25,2.304816818155131,-0.16483721215822011,4.832229084966063
2014-09-26,3.4754778069568295,0.8171639986977586,6.201512345057355
2014-09-27,3.0186607288428124,0.6235795423733856,5.6066597536902245
2014-09-28,1.3198204806843232,-1.4131653250037088,3.700405774357722
2014-09-29,2.64751930473644,0.01402947021845916,5.257889737209564
2014-09-30,3.4941206043910107,0.906692676862321,6.2135028611668
2014-10-01,3.167644085090407,0.9006029245512275,5.952315886035017
2014-10-02,2.3136710114121106,-0.32146266872734197,5.052519993434782
2014-10-03,3.4843320002159084,0.8724466560956944,6.014885636294301
2014-10-04,3.0275149221010613,0.4886411000939462,5.6449739543763835
2014-10-05,1.328674673941269,-1.3794923913602677,3.9521141457630136
2014-10-06,2.656373497993834,0.10176699527456026,5.130135073611309
2014-10-07,3.5029747976495234,0.9593709877873775,6.071337981902506
2014-10-08,3.1764982783482254,0.5871996791771638,5.732669726941617
2014-10-09,2.322525204672366,-0.18201109542120575,4.748823883257504
2014-10-10,3.4931861934769133,0.7632602824325425,6.226213526398309
2014-10-11,3.03636911535931,0.45697415312910883,5.681970011305048
2014-10-12,1.3375288672019954,-1.5309835440102029,3.8243217235197253
2014-10-13,2.6652276912537154,0.2890089462545639,5.456277407996734
2014-10-14,3.511828990908768,0.9622657815308993,6.135207569953724
2014-10-15,3.185352471606044,0.4974738160087855,5.667321071951046
2014-10-16,2.3313793979321824,-0.16911069138706375,4.924594397384842
2014-10-17,3.5020403867326637,0.8977182160813165,6.229008216843161
2014-10-18,3.0452233086189655,0.47462364601135565,5.655271955370642
2014-10-19,1.3463830604599736,-1.2891106816315452,4.053916848517784
2014-10-20,2.6740818845142424,0.011693499679266252,5.140470413121666
2014-10-21,3.5206831841678015,0.9550082983291776,6.08224403109629
2014-10-22,3.1942066648638625,0.6026674746378888,5.723818414926843
2014-10-23,2.3402335911907994,-0.3225154312119456,4.90700085570539
2014-10-24,3.510894579993668,0.9077702712473741,5.883489194699202
2014-10-25,3.0540775018772144,0.5390226582633634,5.550676036589541
2014-10-26,1.3552372537196682,-0.9907416523281554,4.069880444378621
2014-10-27,2.6829360777747686,0.13991541339626648,5.343799511694381
2014-10-28,3.5295373774267373,0.9293591021652474,6.008755272340397
2014-10-29,3.203060858125339,0.6713420489679102,6.016545488545858
2014-10-30,2.3490877844489773,-0.1985739597549508,4.76634025964417
2014-10-31,3.519748773252747,0.7869627508804322,5.938399379273102
2014-11-01,3.0629316951336323,0.30877714513013177,5.684886070428316
2014-11-02,1.36409144697902,-1.2110290885366712,3.9885193608345664
